id,pr,label,tier,evidence_level,defect_is_bundle_primary_claim,exact_test,anchor,bundle,bundle_verdict,test,fix,logs,sibling_fix_leaves_red,n_assigned_findings,merged_in_from,restored,withdrawn,duplicate_of
10-D01,10,Plural *_ids hydration blindly calls .map on null/undefined and can drop unresolved relationship ids,D-verified,own_executed,True,"yes - defect-specific test, orthogonality proven",app/assets/javascripts/discourse/models/store.js.es6,10-B02,confirmed_regression,analysis/verified_gold/10/B02-plural-ids-hydration-blindly-calls-map-on-null-undefine/defects/10-D01/test.diff,analysis/verified_gold/10/B02-plural-ids-hydration-blindly-calls-map-on-null-undefine/defects/10-D01/fix.patch,analysis/verified_gold/10/B02-plural-ids-hydration-blindly-calls-map-on-null-undefine/defects/10-D01/logs,,122,[],,,
10-D02,10,port handling mismatch between validation and lookup,D-verified,own_executed,True,"yes - defect-specific test, orthogonality proven",app/models/embeddablehost.rb:2,10-B03,behavior_change_not_regression,analysis/verified_gold/10/B03-embeddable-hosts-saved-with-a-port-never-match-because-l/defects/10-D02/test.diff,analysis/verified_gold/10/B03-embeddable-hosts-saved-with-a-port-never-match-because-l/defects/10-D02/fix.patch,analysis/verified_gold/10/B03-embeddable-hosts-saved-with-a-port-never-match-because-l/defects/10-D02/logs,,103,['10-D06'],,,
10-D03,10,Blank/nil `host` crashes `before_validation` on a mutating (create/update) embeddable-host request,D-verified,own_executed,False,"yes - defect-specific test, orthogonality proven",app/models/embeddable_host.rb,10-B03,behavior_change_not_regression,analysis/verified_gold/10/B03-embeddable-hosts-saved-with-a-port-never-match-because-l/defects/10-D03/test.diff,analysis/verified_gold/10/B03-embeddable-hosts-saved-with-a-port-never-match-because-l/defects/10-D03/fix.patch,analysis/verified_gold/10/B03-embeddable-hosts-saved-with-a-port-never-match-because-l/defects/10-D03/logs,True,4,[],,,
10-D04,10,case-insensitive host comparison only lowercases stored column,D-verified,own_executed,False,"yes - defect-specific test, orthogonality proven",app/models/embeddablehost.rb:17,10-B03,behavior_change_not_regression,analysis/verified_gold/10/B03-embeddable-hosts-saved-with-a-port-never-match-because-l/defects/10-D04/test.diff,analysis/verified_gold/10/B03-embeddable-hosts-saved-with-a-port-never-match-because-l/defects/10-D04/fix.patch,analysis/verified_gold/10/B03-embeddable-hosts-saved-with-a-port-never-match-because-l/defects/10-D04/logs,True,17,[],,,
10-D07,10,Migrated legacy rows bypass validation and normalization,D-verified,own_executed,False,"yes - defect-specific test, orthogonality proven",app/models/embeddablehost.rb:2,10-B05,behavior_change_not_regression,analysis/verified_gold/10/B05-embeddablehost-hostname-validation-regex-rejects-valid-h/defects/10-D07/test.diff,analysis/verified_gold/10/B05-embeddablehost-hostname-validation-regex-rejects-valid-h/defects/10-D07/fix.patch,analysis/verified_gold/10/B05-embeddablehost-hostname-validation-regex-rejects-valid-h/defects/10-D07/logs,True,89,['10-D05'],,,
10-D08,10,"EmbeddableHost allows duplicate host mappings, making lookup via `.first` nondeterministic",D-verified,own_executed,True,"yes - defect-specific test, orthogonality proven",app/models/embeddablehost.rb:17,10-B06,behavior_change_not_regression,analysis/verified_gold/10/B06-embeddablehost-allows-duplicate-host-mappings-making-loo/defects/10-D08/test.diff,analysis/verified_gold/10/B06-embeddablehost-allows-duplicate-host-mappings-making-loo/defects/10-D08/fix.patch,analysis/verified_gold/10/B06-embeddablehost-allows-duplicate-host-mappings-making-loo/defects/10-D08/logs,,88,[],,,
10-D09,10,EmbeddableHost persists arbitrary categoryid without verifying category exists or is accessible,D-verified,own_executed,True,"yes - defect-specific test, orthogonality proven",app/controllers/admin/embeddablehostscontroller.rb:24,10-B09,behavior_change_not_regression,analysis/verified_gold/10/B09-embeddablehost-persists-arbitrary-categoryid-without-ver/defects/10-D09/test.diff,analysis/verified_gold/10/B09-embeddablehost-persists-arbitrary-categoryid-without-ver/defects/10-D09/fix.patch,analysis/verified_gold/10/B09-embeddablehost-persists-arbitrary-categoryid-without-ver/defects/10-D09/logs,,43,[],,,
10-D10,10,Irreversible destructive data migration in `change` permanently deletes site settings on rollback,D-verified,own_executed,True,"yes - defect-specific test, orthogonality proven",db/migrate/20150818190757createembeddablehosts.rb:31,10-B11,behavior_change_not_regression,analysis/verified_gold/10/B11-irreversible-destructive-data-migration-in-change-perman/defects/10-D10/test.diff,analysis/verified_gold/10/B11-irreversible-destructive-data-migration-in-change-perman/defects/10-D10/fix.patch,analysis/verified_gold/10/B11-irreversible-destructive-data-migration-in-change-perman/defects/10-D10/logs,,49,[],,,
10-D11,10,Migration uses create_table force: true causing silent drop/recreate and data loss,D-verified,own_executed,True,"yes - defect-specific test, orthogonality proven",db/migrate/20150818190757createembeddablehosts.rb:3,10-B12,behavior_change_not_regression,analysis/verified_gold/10/B12-migration-uses-createtable-force-true-causing-silent-dro/defects/10-D11/test.diff,analysis/verified_gold/10/B12-migration-uses-createtable-force-true-causing-silent-dro/defects/10-D11/fix.patch,analysis/verified_gold/10/B12-migration-uses-createtable-force-true-causing-silent-dro/defects/10-D11/logs,,24,[],,,
10-D12,10,PUT /admin/customize/embedding update is a no-op that returns 200 without persisting changes,D-verified,own_executed,True,"yes - defect-specific test, orthogonality proven",app/controllers/admin/embeddingcontroller.rb:10,10-B13,behavior_change_not_regression,analysis/verified_gold/10/B13-put--admin-customize-embedding-update-is-a-no-op-that-re/defects/10-D12/test.diff,analysis/verified_gold/10/B13-put--admin-customize-embedding-update-is-a-no-op-that-re/defects/10-D12/fix.patch,analysis/verified_gold/10/B13-put--admin-customize-embedding-update-is-a-no-op-that-re/defects/10-D12/logs,,23,[],,,
10-D13,10,"Migration skips importing legacy embeddable hosts by using cmdtuples on a SELECT, then deletes the only copy of the config",D-verified,own_executed,True,"yes - defect-specific test, orthogonality proven",db/migrate/20150818190757createembeddablehosts.rb:19,10-B16,behavior_change_not_regression,analysis/verified_gold/10/B16-migration-skips-importing-legacy-embeddable-hosts-by-usi/defects/10-D13/test.diff,analysis/verified_gold/10/B16-migration-skips-importing-legacy-embeddable-hosts-by-usi/defects/10-D13/fix.patch,analysis/verified_gold/10/B16-migration-skips-importing-legacy-embeddable-hosts-by-usi/defects/10-D13/logs,,13,[],,,
10-D14,10,Routes expose REST actions for embeddable_hosts that the controller doesn't implement (ActionNotFound on GET),D-verified,own_executed,True,"yes - defect-specific test, orthogonality proven",config/routes.rb:153,10-B18,confirmed_regression,analysis/verified_gold/10/B18-routes-expose-rest-actions-for-embeddablehosts-that-the-/defects/10-D14/test.diff,analysis/verified_gold/10/B18-routes-expose-rest-actions-for-embeddablehosts-that-the-/defects/10-D14/fix.patch,analysis/verified_gold/10/B18-routes-expose-rest-actions-for-embeddablehosts-that-the-/defects/10-D14/logs,,10,[],,,
10-D15,10,"EmbeddingSerializer emits only embeddable_host_ids (no sideloaded embeddable_hosts), breaking client hydration",D-verified,own_executed,True,"yes - defect-specific test, orthogonality proven",app/serializers/embeddingserializer.rb:3,10-B21,behavior_change_not_regression,analysis/verified_gold/10/B21-embeddingserializer-emits-only-embeddablehostids-no-sid/defects/10-D15/test.diff,analysis/verified_gold/10/B21-embeddingserializer-emits-only-embeddablehostids-no-sid/defects/10-D15/fix.patch,analysis/verified_gold/10/B21-embeddingserializer-emits-only-embeddablehostids-no-sid/defects/10-D15/logs,,4,[],,,
10-D16,10,"EmbeddableHost host format validation allows trailing newline due to end-anchor, creating broken allowlist entries",D-verified,own_executed,True,"yes - defect-specific test, orthogonality proven",app/models/embeddablehost.rb:2,10-B23,behavior_change_not_regression,analysis/verified_gold/10/B23-embeddablehost-host-format-validation-allows-trailing-ne/defects/10-D16/test.diff,analysis/verified_gold/10/B23-embeddablehost-host-format-validation-allows-trailing-ne/defects/10-D16/fix.patch,analysis/verified_gold/10/B23-embeddablehost-host-format-validation-allows-trailing-ne/defects/10-D16/logs,,3,[],,,
10-D17,10,EmbeddableHost destroy action always reports success even when destroy fails,D-verified,own_executed,True,"yes - defect-specific test, orthogonality proven",app/controllers/admin/embeddablehostscontroller.rb:16,10-B25,behavior_change_not_regression,analysis/verified_gold/10/B25-embeddablehost-destroy-action-always-reports-success-eve/defects/10-D17/test.diff,analysis/verified_gold/10/B25-embeddablehost-destroy-action-always-reports-success-eve/defects/10-D17/fix.patch,analysis/verified_gold/10/B25-embeddablehost-destroy-action-always-reports-success-eve/defects/10-D17/logs,,2,[],,,
10-D18,10,EmbedController authorization can be bypassed by forging the Referer header,D-verified,own_executed,True,"yes - defect-specific test, orthogonality proven",app/controllers/embedcontroller.rb:61,10-B26,behavior_change_not_regression,analysis/verified_gold/10/B26-embedcontroller-authorization-can-be-bypassed-by-forging/defects/10-D18/test.diff,analysis/verified_gold/10/B26-embedcontroller-authorization-can-be-bypassed-by-forging/defects/10-D18/fix.patch,analysis/verified_gold/10/B26-embedcontroller-authorization-can-be-bypassed-by-forging/defects/10-D18/logs,,2,[],,,
10-D19,10,Embed allowlist check does not scope requested topic/embed_url to the referer host's permitted category,D-verified,own_executed,True,"yes - defect-specific test, orthogonality proven",app/controllers/embedcontroller.rb:61,10-B33,behavior_change_not_regression,analysis/verified_gold/10/B33-embed-allowlist-check-does-not-scope-requested-topic-emb/defects/10-D19/test.diff,analysis/verified_gold/10/B33-embed-allowlist-check-does-not-scope-requested-topic-emb/defects/10-D19/fix.patch,analysis/verified_gold/10/B33-embed-allowlist-check-does-not-scope-requested-topic-emb/defects/10-D19/logs,,1,[],,,
10-D20,10,None,D-verified,own_executed,True,"yes - defect-specific test, orthogonality proven",app/models/embeddablehost.rb:6,10-B34,behavior_change_not_regression,analysis/verified_gold/10/B34-app-models-embeddablehostrb6--beforevalidation-only-str/defects/10-D20/test.diff,analysis/verified_gold/10/B34-app-models-embeddablehostrb6--beforevalidation-only-str/defects/10-D20/fix.patch,analysis/verified_gold/10/B34-app-models-embeddablehostrb6--beforevalidation-only-str/defects/10-D20/logs,,1,[],,,
10-D21,10,"Migration splits embeddable host list on newlines instead of pipe delimiter, losing hosts",D-verified,own_executed,True,"yes - defect-specific test, orthogonality proven",db/migrate/20150818190757createembeddablehosts.rb:22,10-B35,behavior_change_not_regression,analysis/verified_gold/10/B35-migration-splits-embeddable-host-list-on-newlines-instea/defects/10-D21/test.diff,analysis/verified_gold/10/B35-migration-splits-embeddable-host-list-on-newlines-instea/defects/10-D21/fix.patch,analysis/verified_gold/10/B35-migration-splits-embeddable-host-list-on-newlines-instea/defects/10-D21/logs,,1,[],,,
10-D22,10,EmbeddableHost missing presence validation for non-null category_id causes DB NotNullViolation,D-verified,own_executed,True,"yes - defect-specific test, orthogonality proven",app/models/embeddable_host.rb,10-B36,behavior_change_not_regression,analysis/verified_gold/10/B36-embeddablehost-missing-presence-validation-for-non-null-/defects/10-D22/test.diff,analysis/verified_gold/10/B36-embeddablehost-missing-presence-validation-for-non-null-/defects/10-D22/fix.patch,analysis/verified_gold/10/B36-embeddablehost-missing-presence-validation-for-non-null-/defects/10-D22/logs,,1,[],,,
10967-D01,10967,Google Meet event creation can crash when destinationCalendar is missing/empty,D-verified,own_executed,True,"yes - defect-specific test, orthogonality proven",packages/core/eventmanager.ts:119,10967-B03,confirmed_regression,analysis/verified_gold/10967/B03-google-meet-event-creation-can-crash-when-destinationcalen/defects/10967-D01/test.diff,analysis/verified_gold/10967/B03-google-meet-event-creation-can-crash-when-destinationcalen/defects/10967-D01/fix.patch,analysis/verified_gold/10967/B03-google-meet-event-creation-can-crash-when-destinationcalen/defects/10967-D01/logs,,92,[],,,
10967-D02,10967,Reschedule calendar update errors are swallowed: catch returns [] when calendarReference is unset and logs were removed,D-verified,own_executed,True,"yes - defect-specific test, orthogonality proven",eventmanager.ts:596,10967-B11,confirmed_regression,analysis/verified_gold/10967/B11-reschedule-calendar-update-errors-are-swallowed-catch-retu/defects/10967-D02/test.diff,analysis/verified_gold/10967/B11-reschedule-calendar-update-errors-are-swallowed-catch-retu/defects/10967-D02/fix.patch,analysis/verified_gold/10967/B11-reschedule-calendar-update-errors-are-swallowed-catch-retu/defects/10967-D02/logs,,17,[],,,
10967-D03,10967,Booking webhook payload breaks backward compatibility by changing destinationCalendar from object/null to array,D-verified,own_executed,True,"yes - defect-specific test, orthogonality proven",packages/types/calendar.d.ts:171,10967-B13,confirmed_regression,analysis/verified_gold/10967/B13-booking-webhook-payload-breaks-backward-compatibility-by-c/defects/10967-D03/test.diff,analysis/verified_gold/10967/B13-booking-webhook-payload-breaks-backward-compatibility-by-c/defects/10967-D03/fix.patch,analysis/verified_gold/10967/B13-booking-webhook-payload-breaks-backward-compatibility-by-c/defects/10967-D03/logs,,12,[],,,
10967-D04,10967,Recurring deletion sweep nested inside bookingCalendarReference loop causing duplicate provider deletes/404s,D-verified,own_executed,True,"yes - defect-specific test, orthogonality proven",handlecancelbooking.ts:445,10967-B14,confirmed_regression,analysis/verified_gold/10967/B14-recurring-cancellation-delete-sweep-runs-once-per-calendar/defects/10967-D04/test.diff,analysis/verified_gold/10967/B14-recurring-cancellation-delete-sweep-runs-once-per-calendar/defects/10967-D04/fix.patch,analysis/verified_gold/10967/B14-recurring-cancellation-delete-sweep-runs-once-per-calendar/defects/10967-D04/logs,,18,[],,,
10967-D05,10967,"Inner references.find only deletes the first calendar reference per updated booking, leaving orphaned secondary-host events",D-verified,own_executed,False,"yes - defect-specific test, orthogonality proven",handlecancelbooking.ts,10967-B14,confirmed_regression,analysis/verified_gold/10967/B14-recurring-cancellation-delete-sweep-runs-once-per-calendar/defects/10967-D05/test.diff,analysis/verified_gold/10967/B14-recurring-cancellation-delete-sweep-runs-once-per-calendar/defects/10967-D05/fix.patch,analysis/verified_gold/10967/B14-recurring-cancellation-delete-sweep-runs-once-per-calendar/defects/10967-D05/logs,True,0,[],,,
11059-D01,11059,Timing-unsafe webhook secret comparison (non-constant-time !==),D-verified,own_executed,True,"yes - defect-specific test, orthogonality proven",apps/web/pages/api/webhook/app-credential.ts:25,11059-B05,behavior_change_not_regression,analysis/verified_gold/11059/B05-webhook-secret-validation-uses-non-constant-time-string-co/defects/11059-D01/test.diff,analysis/verified_gold/11059/B05-webhook-secret-validation-uses-non-constant-time-string-co/defects/11059-D01/fix.patch,analysis/verified_gold/11059/B05-webhook-secret-validation-uses-non-constant-time-string-co/defects/11059-D01/logs,,72,[],,,
11059-D03,11059,Missing rate limiting on webhook secret verification,D-verified,own_executed,False,"yes - defect-specific test, orthogonality proven",apps/web/pages/api/webhook/app-credential.ts,11059-B05,behavior_change_not_regression,analysis/verified_gold/11059/B05-webhook-secret-validation-uses-non-constant-time-string-co/defects/11059-D03/test.diff,analysis/verified_gold/11059/B05-webhook-secret-validation-uses-non-constant-time-string-co/defects/11059-D03/fix.patch,analysis/verified_gold/11059/B05-webhook-secret-validation-uses-non-constant-time-string-co/defects/11059-D03/logs,True,2,"['11059-D29', '11059-D04']",,,
11059-D09,11059,Handler lacks request hardening: no HTTP-method guard and an unescaped ZodError from malformed input,D-verified,own_executed,True,"yes - defect-specific test, orthogonality proven",apps/web/pages/api/webhook/app-credential.ts:17,11059-B09,behavior_change_not_regression,analysis/verified_gold/11059/B09-webhook-api-handler-performs-credential-create-update-with/defects/11059-D09/test.diff,analysis/verified_gold/11059/B09-webhook-api-handler-performs-credential-create-update-with/defects/11059-D09/fix.patch,analysis/verified_gold/11059/B09-webhook-api-handler-performs-credential-create-update-with/defects/11059-D09/logs,True,38,['11059-D08'],,,
11059-D10,11059,missing validation of decrypted credential object before persistence,D-verified,own_executed,False,"yes - defect-specific test, orthogonality proven",apps/web/pages/api/webhook/app-credential.ts,11059-B09,behavior_change_not_regression,analysis/verified_gold/11059/B09-webhook-api-handler-performs-credential-create-update-with/defects/11059-D10/test.diff,analysis/verified_gold/11059/B09-webhook-api-handler-performs-credential-create-update-with/defects/11059-D10/fix.patch,analysis/verified_gold/11059/B09-webhook-api-handler-performs-credential-create-update-with/defects/11059-D10/logs,True,6,['11059-D16'],,,
11059-D12,11059,credential-sync endpoint requests are unauthenticated,D-verified,own_executed,True,"yes - defect-specific test, orthogonality proven",packages/app-store/utils/oauth/refreshoauthtokens.ts:8,11059-B10,behavior_change_not_regression,analysis/verified_gold/11059/B10-credential-sync-token-refresh-request-omits-shared-secret-/defects/11059-D12/test.diff,analysis/verified_gold/11059/B10-credential-sync-token-refresh-request-omits-shared-secret-/defects/11059-D12/fix.patch,analysis/verified_gold/11059/B10-credential-sync-token-refresh-request-omits-shared-secret-/defects/11059-D12/logs,True,50,[],,,
11059-D14,11059,HubSpot refresh treats raw credential-sync response as HubSpotToken object,D-duplicate,own_executed,False,"yes - defect-specific test, orthogonality proven",packages/app-store/_utils/oauth/refreshOAuthTokens.ts,11059-B10,behavior_change_not_regression,analysis/verified_gold/11059/B10-credential-sync-token-refresh-request-omits-shared-secret-/defects/11059-D14/test.diff,analysis/verified_gold/11059/B10-credential-sync-token-refresh-request-omits-shared-secret-/defects/11059-D14/fix.patch,analysis/verified_gold/11059/B10-credential-sync-token-refresh-request-omits-shared-secret-/defects/11059-D14/logs,True,9,"['11059-D15', '11059-D13']",,,golden:cal_dot_com.json:158
11059-D17,11059,non-atomic find-then-create/upsert race causing duplicate credentials under concurrency,D-verified,own_executed,True,"yes - defect-specific test, orthogonality proven",apps/web/pages/api/webhook/app-credential.ts:62-73,11059-B14,behavior_change_not_regression,analysis/verified_gold/11059/B14-webhook-updates-an-arbitrary-credential-when-user-has-mult/defects/11059-D17/test.diff,analysis/verified_gold/11059/B14-webhook-updates-an-arbitrary-credential-when-user-has-mult/defects/11059-D17/fix.patch,analysis/verified_gold/11059/B14-webhook-updates-an-arbitrary-credential-when-user-has-mult/defects/11059-D17/logs,True,18,['11059-D07'],,,
11059-D18,11059,ambiguous credential lookup by userId+appId without a disambiguator causing arbitrary credential overwrite,D-verified,own_executed,False,"yes - defect-specific test, orthogonality proven",apps/web/pages/api/webhook/app-credential.ts:62,11059-B14,behavior_change_not_regression,analysis/verified_gold/11059/B14-webhook-updates-an-arbitrary-credential-when-user-has-mult/defects/11059-D18/test.diff,analysis/verified_gold/11059/B14-webhook-updates-an-arbitrary-credential-when-user-has-mult/defects/11059-D18/fix.patch,analysis/verified_gold/11059/B14-webhook-updates-an-arbitrary-credential-when-user-has-mult/defects/11059-D18/logs,True,28,[],,,
11059-D19,11059,Webhook auth fails open when CALCOM_WEBHOOK_SECRET is unset (undefined equals missing header),D-verified,own_executed,True,"yes - defect-specific test, orthogonality proven",apps/web/pages/api/webhook/app-credential.ts:25,11059-B21,behavior_change_not_regression,analysis/verified_gold/11059/B21-webhook-auth-fails-open-when-calcomwebhooksecret-is-unset-/defects/11059-D19/test.diff,analysis/verified_gold/11059/B21-webhook-auth-fails-open-when-calcomwebhooksecret-is-unset-/defects/11059-D19/fix.patch,analysis/verified_gold/11059/B21-webhook-auth-fails-open-when-calcomwebhooksecret-is-unset-/defects/11059-D19/logs,,14,[],,,
11059-D20,11059,Instance-wide static webhook secret authorizes credential writes for arbitrary userid/appslug,D-verified,own_executed,True,"yes - defect-specific test, orthogonality proven",apps/web/pages/api/webhook/app-credential.ts:9-13,11059-B22,behavior_change_not_regression,analysis/verified_gold/11059/B22-instance-wide-shared-webhook-secret-allows-overwriting-any/defects/11059-D20/test.diff,analysis/verified_gold/11059/B22-instance-wide-shared-webhook-secret-allows-overwriting-any/defects/11059-D20/fix.patch,analysis/verified_gold/11059/B22-instance-wide-shared-webhook-secret-allows-overwriting-any/defects/11059-D20/logs,,9,[],,,
11059-D21,11059,No replay/event-identity/version guard permits stale or concurrent credential overwrites,D-verified,own_executed,False,"yes - defect-specific test, orthogonality proven",apps/web/pages/api/webhook/app-credential.ts:72,11059-B22,behavior_change_not_regression,analysis/verified_gold/11059/B22-instance-wide-shared-webhook-secret-allows-overwriting-any/defects/11059-D21/test.diff,analysis/verified_gold/11059/B22-instance-wide-shared-webhook-secret-allows-overwriting-any/defects/11059-D21/fix.patch,analysis/verified_gold/11059/B22-instance-wide-shared-webhook-secret-allows-overwriting-any/defects/11059-D21/logs,True,4,[],,,
11059-D22,11059,"parseRefreshTokenResponse throws instead of returning structured failure, breaking caller branches",D-verified,own_executed,True,"yes - defect-specific test, orthogonality proven",packages/app-store/utils/oauth/parserefreshtokenresponse.ts:19-21,11059-B23,behavior_change_not_regression,analysis/verified_gold/11059/B23-parserefreshtokenresponse-throws-on-schema-mismatch-and-ca/defects/11059-D22/test.diff,analysis/verified_gold/11059/B23-parserefreshtokenresponse-throws-on-schema-mismatch-and-ca/defects/11059-D22/fix.patch,analysis/verified_gold/11059/B23-parserefreshtokenresponse-throws-on-schema-mismatch-and-ca/defects/11059-D22/logs,,4,"['11059-D27', '11059-D23']",,,
11059-D26,11059,Webhook credential sync updates key but does not clear previously set invalid flag,D-verified,own_executed,True,"yes - defect-specific test, orthogonality proven",apps/web/pages/api/webhook/app-credential.ts:73,11059-B24,behavior_change_not_regression,analysis/verified_gold/11059/B24-webhook-credential-sync-updates-key-but-does-not-clear-pre/defects/11059-D26/test.diff,analysis/verified_gold/11059/B24-webhook-credential-sync-updates-key-but-does-not-clear-pre/defects/11059-D26/fix.patch,analysis/verified_gold/11059/B24-webhook-credential-sync-updates-key-but-does-not-clear-pre/defects/11059-D26/logs,,4,[],,,
11059-D28,11059,"API route default-imports zod, making `z` undefined and crashing on module load",D-withdrawn,own_executed,True,"yes - defect-specific test, orthogonality proven",apps/web/pages/api/webhook/app-credential.ts,11059-B31,behavior_change_not_regression,analysis/verified_gold/11059/B31-api-route-default-imports-zod-making-z-undefined-and-cras/defects/11059-D28/test.diff,analysis/verified_gold/11059/B31-api-route-default-imports-zod-making-z-undefined-and-cras/defects/11059-D28/fix.patch,analysis/verified_gold/11059/B31-api-route-default-imports-zod-making-z-undefined-and-cras/defects/11059-D28/logs,,1,[],,True,
11059-D30,11059,"Webhook header lookup is not case-normalized, so a differently-cased header name fails the secret check",D-verified,own_executed,True,"yes - defect-specific test, orthogonality proven",apps/web/pages/api/webhook/app-credential.ts:22,11059-B19,pending,analysis/verified_gold/11059/B19-webhook-secret-header-lookup-uses-raw-env-header-name-brea/defects/11059-D30/test.diff,analysis/verified_gold/11059/B19-webhook-secret-header-lookup-uses-raw-env-header-name-brea/defects/11059-D30/fix.patch,analysis/verified_gold/11059/B19-webhook-secret-header-lookup-uses-raw-env-header-name-brea/defects/11059-D30/logs,,31,['11059-D31'],,,
11059-D32,11059,"Unset webhook secret and absent header both compare as undefined, bypassing the auth check",D-duplicate,own_executed,False,"yes - defect-specific test, orthogonality proven",apps/web/pages/api/webhook/app-credential.ts,11059-B19,pending,analysis/verified_gold/11059/B19-webhook-secret-header-lookup-uses-raw-env-header-name-brea/defects/11059-D32/test.diff,analysis/verified_gold/11059/B19-webhook-secret-header-lookup-uses-raw-env-header-name-brea/defects/11059-D32/fix.patch,analysis/verified_gold/11059/B19-webhook-secret-header-lookup-uses-raw-env-header-name-brea/defects/11059-D32/logs,True,1,[],,,11059-D19
11059-D33,11059,"Salesforce token schema requires `scope`, which its refresh response omits, breaking refresh",D-verified,own_executed,False,"yes - defect-specific test, orthogonality proven",packages/app-store/salesforce/lib/CalendarService.ts,11059-B23,pending,analysis/verified_gold/11059/B23-parserefreshtokenresponse-throws-on-schema-mismatch-and-ca/defects/11059-D33/test.diff,analysis/verified_gold/11059/B23-parserefreshtokenresponse-throws-on-schema-mismatch-and-ca/defects/11059-D33/fix.patch,analysis/verified_gold/11059/B23-parserefreshtokenresponse-throws-on-schema-mismatch-and-ca/defects/11059-D33/logs,True,1,[],,,
11059-D34,11059,Hardcoded Salesforce login host breaks sandbox orgs,D-verified,own_executed,False,"yes - defect-specific test, orthogonality proven",packages/app-store/salesforce/lib/calendarservice.ts:795,11059-B23,pending,analysis/verified_gold/11059/B23-parserefreshtokenresponse-throws-on-schema-mismatch-and-ca/defects/11059-D34/test.diff,analysis/verified_gold/11059/B23-parserefreshtokenresponse-throws-on-schema-mismatch-and-ca/defects/11059-D34/fix.patch,analysis/verified_gold/11059/B23-parserefreshtokenresponse-throws-on-schema-mismatch-and-ca/defects/11059-D34/logs,True,1,[],,,
14740-D01,14740,Missing max/rate limits on guests array enables unbounded guest inserts and email fan-out,D-verified,own_executed,True,"yes - defect-specific test, orthogonality proven",packages/trpc/server/routers/viewer/bookings/addguests.schema.ts:5,14740-B03,behavior_change_not_regression,analysis/verified_gold/14740/B03-addguests-input-schema-allows-unbounded-guests-array-email/defects/14740-D01/test.diff,analysis/verified_gold/14740/B03-addguests-input-schema-allows-unbounded-guests-array-email/defects/14740-D01/fix.patch,analysis/verified_gold/14740/B03-addguests-input-schema-allows-unbounded-guests-array-email/defects/14740-D01/logs,,105,['14740-D02'],,,
14740-D03,14740,"Missing booking status/end-time validation allows adding guests to cancelled, rejected, or past bookings",D-verified,own_executed,True,"yes - defect-specific test, orthogonality proven",packages/trpc/server/routers/viewer/bookings/addguests.handler.ts:52,14740-B06,behavior_change_not_regression,analysis/verified_gold/14740/B06-authorization-bypass-any-attendee-can-add-arbitrary-guests/defects/14740-D03/test.diff,analysis/verified_gold/14740/B06-authorization-bypass-any-attendee-can-add-arbitrary-guests/defects/14740-D03/fix.patch,analysis/verified_gold/14740/B06-authorization-bypass-any-attendee-can-add-arbitrary-guests/defects/14740-D03/logs,True,124,['14740-D04'],,,
14740-D05,14740,"add-guests handler emails raw guests list instead of filtered uniqueGuests, causing duplicate/wrong notifications",D-verified,own_executed,True,"yes - defect-specific test, orthogonality proven",packages/trpc/server/routers/viewer/bookings/addguests.handler.ts:168,14740-B07,behavior_change_not_regression,analysis/verified_gold/14740/B07-add-guests-handler-emails-raw-guests-list-instead-of-filte/defects/14740-D05/test.diff,analysis/verified_gold/14740/B07-add-guests-handler-emails-raw-guests-list-instead-of-filte/defects/14740-D05/fix.patch,analysis/verified_gold/14740/B07-add-guests-handler-emails-raw-guests-list-instead-of-filte/defects/14740-D05/logs,,78,[],,,
14740-D06,14740,addGuests crashes with unhandled Prisma P2025 when booking.userId is null (id coerced to 0),D-verified,own_executed,True,"yes - defect-specific test, orthogonality proven",packages/trpc/server/routers/viewer/bookings/addguests.handler.ts:58,14740-B08,behavior_change_not_regression,analysis/verified_gold/14740/B08-addguests-crashes-with-unhandled-prisma-p2025-when-booking/defects/14740-D06/test.diff,analysis/verified_gold/14740/B08-addguests-crashes-with-unhandled-prisma-p2025-when-booking/defects/14740-D06/fix.patch,analysis/verified_gold/14740/B08-addguests-crashes-with-unhandled-prisma-p2025-when-booking/defects/14740-D06/logs,,59,[],,,
14740-D07,14740,Add-guests endpoint can overbook seat-limited events by appending attendees without enforcing seatsPerTimeSlot,D-verified,own_executed,True,"yes - defect-specific test, orthogonality proven",apps/web/components/booking/bookinglistitem.tsx:194,14740-B10,behavior_change_not_regression,analysis/verified_gold/14740/B10-add-guests-endpoint-can-overbook-seat-limited-events-by-ap/defects/14740-D07/test.diff,analysis/verified_gold/14740/B10-add-guests-endpoint-can-overbook-seat-limited-events-by-ap/defects/14740-D07/fix.patch,analysis/verified_gold/14740/B10-add-guests-endpoint-can-overbook-seat-limited-events-by-ap/defects/14740-D07/logs,,46,[],,,
14740-D08,14740,Add-guests email send failure is swallowed (no error context) and request still succeeds,D-verified,own_executed,True,"yes - defect-specific test, orthogonality proven",packages/trpc/server/routers/viewer/bookings/addguests.handler.ts:170,14740-B12,behavior_change_not_regression,analysis/verified_gold/14740/B12-add-guests-email-send-failure-is-swallowed-no-error-contex/defects/14740-D08/test.diff,analysis/verified_gold/14740/B12-add-guests-email-send-failure-is-swallowed-no-error-contex/defects/14740-D08/fix.patch,analysis/verified_gold/14740/B12-add-guests-email-send-failure-is-swallowed-no-error-contex/defects/14740-D08/logs,,29,[],,,
14740-D09,14740,Race condition in addGuests allows duplicate attendee rows (check-then-insert without transaction/unique constraint),D-verified,own_executed,True,"yes - defect-specific test, orthogonality proven",packages/trpc/server/routers/viewer/bookings/addguests.handler.ts:92,14740-B14,behavior_change_not_regression,analysis/verified_gold/14740/B14-race-condition-in-addguests-allows-duplicate-attendee-rows/defects/14740-D09/test.diff,analysis/verified_gold/14740/B14-race-condition-in-addguests-allows-duplicate-attendee-rows/defects/14740-D09/fix.patch,analysis/verified_gold/14740/B14-race-condition-in-addguests-allows-duplicate-attendee-rows/defects/14740-D09/logs,,18,[],,,
14740-D10,14740,Add-guests flow persists new guest attendees with empty name (blank greetings/ICS CN),D-verified,own_executed,True,"yes - defect-specific test, orthogonality proven",addguests.handler.ts:83-90,14740-B16,behavior_change_not_regression,analysis/verified_gold/14740/B16-add-guests-flow-persists-new-guest-attendees-with-empty-na/defects/14740-D10/test.diff,analysis/verified_gold/14740/B16-add-guests-flow-persists-new-guest-attendees-with-empty-na/defects/14740-D10/fix.patch,analysis/verified_gold/14740/B16-add-guests-flow-persists-new-guest-attendees-with-empty-na/defects/14740-D10/logs,,15,[],,,
14740-D11,14740,unbounded reply-to header including all attendee emails,D-verified,own_executed,True,"yes - defect-specific test, orthogonality proven",packages/emails/templates/organizer-add-guests-email.ts:25,14740-B17,behavior_change_not_regression,analysis/verified_gold/14740/B17-organizer-add-guests-email-sets-reply-to-to-all-attendee-e/defects/14740-D11/test.diff,analysis/verified_gold/14740/B17-organizer-add-guests-email-sets-reply-to-to-all-attendee-e/defects/14740-D11/fix.patch,analysis/verified_gold/14740/B17-organizer-add-guests-email-sets-reply-to-to-all-attendee-e/defects/14740-D11/logs,,13,[],,,
14740-D12,14740,team-member variant sends organizer-personalized content without teammember prop (email leakage/content mismatch),D-verified,own_executed,False,"yes - defect-specific test, orthogonality proven",packages/emails/templates/organizer-add-guests-email.ts,14740-B17,behavior_change_not_regression,analysis/verified_gold/14740/B17-organizer-add-guests-email-sets-reply-to-to-all-attendee-e/defects/14740-D12/test.diff,analysis/verified_gold/14740/B17-organizer-add-guests-email-sets-reply-to-to-all-attendee-e/defects/14740-D12/fix.patch,analysis/verified_gold/14740/B17-organizer-add-guests-email-sets-reply-to-to-all-attendee-e/defects/14740-D12/logs,True,1,[],,,
14740-D13,14740,Organizer add-guests email subject crashes on empty attendees due to unguarded attendees[0].name access,D-verified,own_executed,True,"yes - defect-specific test, orthogonality proven",packages/emails/templates/organizer-add-guests-email.ts:29,14740-B20,behavior_change_not_regression,analysis/verified_gold/14740/B20-organizer-add-guests-email-subject-crashes-on-empty-attend/defects/14740-D13/test.diff,analysis/verified_gold/14740/B20-organizer-add-guests-email-subject-crashes-on-empty-attend/defects/14740-D13/fix.patch,analysis/verified_gold/14740/B20-organizer-add-guests-email-subject-crashes-on-empty-attend/defects/14740-D13/logs,,8,[],,,
14740-D14,14740,addGuests mutation allows adding guests even when the EventType disables/blocks guests,D-verified,own_executed,True,"yes - defect-specific test, orthogonality proven",packages/trpc/server/routers/viewer/bookings/addguests.handler.ts:74,14740-B23,behavior_change_not_regression,analysis/verified_gold/14740/B23-addguests-mutation-allows-adding-guests-even-when-the-even/defects/14740-D14/test.diff,analysis/verified_gold/14740/B23-addguests-mutation-allows-adding-guests-even-when-the-even/defects/14740-D14/fix.patch,analysis/verified_gold/14740/B23-addguests-mutation-allows-adding-guests-even-when-the-even/defects/14740-D14/logs,,6,[],,,
14740-D15,14740,"addGuests loads booking by raw id (with heavy includes) before authorization, enabling cross-tenant probing/enumeration",D-verified,own_executed,True,"yes - defect-specific test, orthogonality proven",packages/trpc/server/routers/viewer/bookings/addguests.handler.ts:26-56,14740-B25,behavior_change_not_regression,analysis/verified_gold/14740/B25-addguests-loads-booking-by-raw-id-with-heavy-includes-befo/defects/14740-D15/test.diff,analysis/verified_gold/14740/B25-addguests-loads-booking-by-raw-id-with-heavy-includes-befo/defects/14740-D15/fix.patch,analysis/verified_gold/14740/B25-addguests-loads-booking-by-raw-id-with-heavy-includes-befo/defects/14740-D15/logs,,4,[],,,
14740-D16,14740,Add-guests on a recurring booking updates only one occurrence but sends a series-wide calendar invite,D-verified,own_executed,True,"yes - defect-specific test, orthogonality proven",packages/trpc/server/routers/viewer/bookings/addguests.handler.ts:138,14740-B31,behavior_change_not_regression,analysis/verified_gold/14740/B31-add-guests-on-a-recurring-booking-updates-only-one-occurre/defects/14740-D16/test.diff,analysis/verified_gold/14740/B31-add-guests-on-a-recurring-booking-updates-only-one-occurre/defects/14740-D16/fix.patch,analysis/verified_gold/14740/B31-add-guests-on-a-recurring-booking-updates-only-one-occurre/defects/14740-D16/logs,,2,[],,,
14740-D17,14740,Concurrent add-guests requests can overwrite calendar attendees with stale snapshot (lost updates),D-verified,own_executed,True,"yes - defect-specific test, orthogonality proven",packages/trpc/server/routers/viewer/bookings/addguests.handler.ts:164,14740-B32,behavior_change_not_regression,analysis/verified_gold/14740/B32-concurrent-add-guests-requests-can-overwrite-calendar-atte/defects/14740-D17/test.diff,analysis/verified_gold/14740/B32-concurrent-add-guests-requests-can-overwrite-calendar-atte/defects/14740-D17/fix.patch,analysis/verified_gold/14740/B32-concurrent-add-guests-requests-can-overwrite-calendar-atte/defects/14740-D17/logs,,2,[],,,
14740-D18,14740,"addGuests throws BAD_REQUEST when all submitted emails already attendees, enabling email probing and breaking retry/idempotency",D-verified,own_executed,True,"yes - defect-specific test, orthogonality proven",packages/trpc/server/routers/viewer/bookings/addguests.handler.ts:80,14740-B33,behavior_change_not_regression,analysis/verified_gold/14740/B33-addguests-throws-badrequest-when-all-submitted-emails-alre/defects/14740-D18/test.diff,analysis/verified_gold/14740/B33-addguests-throws-badrequest-when-all-submitted-emails-alre/defects/14740-D18/fix.patch,analysis/verified_gold/14740/B33-addguests-throws-badrequest-when-all-submitted-emails-alre/defects/14740-D18/logs,,2,[],,,
14740-D19,14740,Missing i18n key causes add-guests permission error to display raw `forbidden: youdonothavepermission`,D-verified,own_executed,True,"yes - defect-specific test, orthogonality proven",packages/trpc/server/routers/viewer/bookings/addguests.handler.ts:55,14740-B40,behavior_change_not_regression,analysis/verified_gold/14740/B40-missing-i18n-key-causes-add-guests-permission-error-to-dis/defects/14740-D19/test.diff,analysis/verified_gold/14740/B40-missing-i18n-key-causes-add-guests-permission-error-to-dis/defects/14740-D19/fix.patch,analysis/verified_gold/14740/B40-missing-i18n-key-causes-add-guests-permission-error-to-dis/defects/14740-D19/logs,,1,[],,,
4-D01,4,Incorrect resolution of relative/protocol-relative URLs in absolutizeurls,D-verified,own_executed,True,"yes - defect-specific test, orthogonality proven",app/models/topicembed.rb:64,4-B01,behavior_change_not_regression,analysis/verified_gold/4/B01-absolutizeurls-treats-protocol-relative-urls----as-r/defects/4-D01/test.diff,analysis/verified_gold/4/B01-absolutizeurls-treats-protocol-relative-urls----as-r/defects/4-D01/fix.patch,analysis/verified_gold/4/B01-absolutizeurls-treats-protocol-relative-urls----as-r/defects/4-D01/logs,,116,['4-D44'],,,
4-D03,4,Referer header trusted as spoofable embeddability/auth gate,D-verified,own_executed,True,"yes - defect-specific test, orthogonality proven",app/controllers/embedcontroller.rb:26,4-B02,behavior_change_not_regression,analysis/verified_gold/4/B02-embed-requests-are-wrongly-rejected-due-to-strict-unnorm/defects/4-D03/test.diff,analysis/verified_gold/4/B02-embed-requests-are-wrongly-rejected-due-to-strict-unnorm/defects/4-D03/fix.patch,analysis/verified_gold/4/B02-embed-requests-are-wrongly-rejected-due-to-strict-unnorm/defects/4-D03/logs,True,29,[],,,
4-D04,4,"Retrieval jobs enqueued before throttle/dedupe, allowing Sidekiq queue flooding",D-withdrawn,own_executed,False,"yes - defect-specific test, orthogonality proven",app/controllers/embedcontroller.rb:15,4-B02,behavior_change_not_regression,analysis/verified_gold/4/B02-embed-requests-are-wrongly-rejected-due-to-strict-unnorm/defects/4-D04/test.diff,analysis/verified_gold/4/B02-embed-requests-are-wrongly-rejected-due-to-strict-unnorm/defects/4-D04/fix.patch,analysis/verified_gold/4/B02-embed-requests-are-wrongly-rejected-due-to-strict-unnorm/defects/4-D04/logs,True,50,[],,True,
4-D05,4,Case-sensitive/unnormalized host comparison against free-form embeddablehost setting,D-verified,own_executed,False,"yes - defect-specific test, orthogonality proven",app/controllers/embedcontroller.rb:26,4-B02,behavior_change_not_regression,analysis/verified_gold/4/B02-embed-requests-are-wrongly-rejected-due-to-strict-unnorm/defects/4-D05/test.diff,analysis/verified_gold/4/B02-embed-requests-are-wrongly-rejected-due-to-strict-unnorm/defects/4-D05/fix.patch,analysis/verified_gold/4/B02-embed-requests-are-wrongly-rejected-due-to-strict-unnorm/defects/4-D05/logs,True,13,[],,,
4-D06,4,Staff-only throttle bypass in RetrieveTopic job,D-verified,own_executed,False,"yes - defect-specific test, orthogonality proven",app/jobs/regular/retrievetopic.rb:17,4-B02,behavior_change_not_regression,analysis/verified_gold/4/B02-embed-requests-are-wrongly-rejected-due-to-strict-unnorm/defects/4-D06/test.diff,analysis/verified_gold/4/B02-embed-requests-are-wrongly-rejected-due-to-strict-unnorm/defects/4-D06/fix.patch,analysis/verified_gold/4/B02-embed-requests-are-wrongly-rejected-due-to-strict-unnorm/defects/4-D06/logs,True,2,[],,,
4-D07,4,topicembed remote article download lacks open/read timeout and size limit,D-verified,own_executed,True,"yes - defect-specific test, orthogonality proven",app/models/topicembed.rb:48,4-B03,behavior_change_not_regression,analysis/verified_gold/4/B03-unbounded-open-uri-fetch-in-topicembed-can-hang-jobs-or-/defects/4-D07/test.diff,analysis/verified_gold/4/B03-unbounded-open-uri-fetch-in-topicembed-can-hang-jobs-or-/defects/4-D07/fix.patch,analysis/verified_gold/4/B03-unbounded-open-uri-fetch-in-topicembed-can-hang-jobs-or-/defects/4-D07/logs,,60,[],,,
4-D10,4,topicembeds migration uses destructive force: true and lacks foreign keys/dependent cleanup,D-verified,own_executed,False,"yes - defect-specific test, orthogonality proven",db/migrate/20131217174004createtopicembeds.rb:3,4-B04,confirmed_regression,analysis/verified_gold/4/B04-destructive-force-true-in-createtable-migration-can-dr/defects/4-D10/test.diff,analysis/verified_gold/4/B04-destructive-force-true-in-createtable-migration-can-dr/defects/4-D10/fix.patch,analysis/verified_gold/4/B04-destructive-force-true-in-createtable-migration-can-dr/defects/4-D10/logs,True,14,[],,,
4-D11,4,Redis throttle key can become permanent due to non-atomic SETNX + EXPIRE,D-verified,own_executed,True,"yes - defect-specific test, orthogonality proven",lib/topicretriever.rb:27,4-B06,behavior_change_not_regression,analysis/verified_gold/4/B06-redis-throttle-key-can-become-permanent-due-to-non-atomi/defects/4-D11/test.diff,analysis/verified_gold/4/B06-redis-throttle-key-can-become-permanent-due-to-non-atomi/defects/4-D11/fix.patch,analysis/verified_gold/4/B06-redis-throttle-key-can-become-permanent-due-to-non-atomi/defects/4-D11/logs,,74,['4-D25'],,,
4-D12,4,SSRF via open-uri redirects not revalidated against allowed host,D-verified,own_executed,True,"yes - defect-specific test, orthogonality proven",app/models/topicembed.rb:48,4-B07,behavior_change_not_regression,analysis/verified_gold/4/B07-redirect-based-ssrf-only-initial-url-host-is-validated-w/defects/4-D12/test.diff,analysis/verified_gold/4/B07-redirect-based-ssrf-only-initial-url-host-is-validated-w/defects/4-D12/fix.patch,analysis/verified_gold/4/B07-redirect-based-ssrf-only-initial-url-host-is-validated-w/defects/4-D12/logs,,48,['4-D53'],,,
4-D14,4,TopicEmbed re-import crashes when the embedded post was deleted (embed.post is nil),D-verified,own_executed,True,"yes - defect-specific test, orthogonality proven",app/models/topicembed.rb:32,4-B08,behavior_change_not_regression,analysis/verified_gold/4/B08-topicembed-re-import-crashes-when-the-embedded-post-was-/defects/4-D14/test.diff,analysis/verified_gold/4/B08-topicembed-re-import-crashes-when-the-embedded-post-was-/defects/4-D14/fix.patch,analysis/verified_gold/4/B08-topicembed-re-import-crashes-when-the-embedded-post-was-/defects/4-D14/logs,,70,['4-D21'],,,
4-D15,4,check-then-create race on unique TopicEmbed embedurl,D-verified,own_executed,True,"yes - defect-specific test, orthogonality proven",app/models/topicembed.rb:15,4-B09,behavior_change_not_regression,analysis/verified_gold/4/B09-race-condition-non-atomic-exists-create-on-topicembed-c/defects/4-D15/test.diff,analysis/verified_gold/4/B09-race-condition-non-atomic-exists-create-on-topicembed-c/defects/4-D15/fix.patch,analysis/verified_gold/4/B09-race-condition-non-atomic-exists-create-on-topicembed-c/defects/4-D15/logs,,67,[],,,
4-D16,4,enqueue/publish before outer transaction commits,D-verified,own_executed,False,"yes - defect-specific test, orthogonality proven",app/models/topicembed.rb:21,4-B09,behavior_change_not_regression,analysis/verified_gold/4/B09-race-condition-non-atomic-exists-create-on-topicembed-c/defects/4-D16/test.diff,analysis/verified_gold/4/B09-race-condition-non-atomic-exists-create-on-topicembed-c/defects/4-D16/fix.patch,analysis/verified_gold/4/B09-race-condition-non-atomic-exists-create-on-topicembed-c/defects/4-D16/logs,True,3,[],,,
4-D17,4,"Embed URL lookup uses exact, unnormalized string match, allowing duplicate topics for equivalent URLs",D-verified,own_executed,True,"yes - defect-specific test, orthogonality proven",app/models/topicembed.rb:15,4-B12,behavior_change_not_regression,analysis/verified_gold/4/B12-embed-url-lookup-uses-exact-unnormalized-string-match-al/defects/4-D17/test.diff,analysis/verified_gold/4/B12-embed-url-lookup-uses-exact-unnormalized-string-match-al/defects/4-D17/fix.patch,analysis/verified_gold/4/B12-embed-url-lookup-uses-exact-unnormalized-string-match-al/defects/4-D17/logs,,42,[],,,
4-D18,4,Inline feed poll exceptions abort performretrieve before HTTP fallback and may propagate into retry logic,D-verified,own_executed,True,"yes - defect-specific test, orthogonality proven",lib/topicretriever.rb:41,4-B14,behavior_change_not_regression,analysis/verified_gold/4/B14-unrescued-inline-feed-poll-aborts-http-fallback-on-embed/defects/4-D18/test.diff,analysis/verified_gold/4/B14-unrescued-inline-feed-poll-aborts-http-fallback-on-embed/defects/4-D18/fix.patch,analysis/verified_gold/4/B14-unrescued-inline-feed-poll-aborts-http-fallback-on-embed/defects/4-D18/logs,,35,[],,,
4-D20,4,ignored revise! failure with unconditional contentsha1 advance,D-verified,own_executed,True,"yes - defect-specific test, orthogonality proven",app/models/topicembed.rb:37,4-B15,behavior_change_not_regression,analysis/verified_gold/4/B15-topicembed-advances-contentsha1-even-when-post-revision-/defects/4-D20/test.diff,analysis/verified_gold/4/B15-topicembed-advances-contentsha1-even-when-post-revision-/defects/4-D20/fix.patch,analysis/verified_gold/4/B15-topicembed-advances-contentsha1-even-when-post-revision-/defects/4-D20/logs,,27,[],,,
4-D22,4,concurrent import body/digest race,D-verified,own_executed,False,"yes - defect-specific test, orthogonality proven",app/models/topicembed.rb:37,4-B15,behavior_change_not_regression,analysis/verified_gold/4/B15-topicembed-advances-contentsha1-even-when-post-revision-/defects/4-D22/test.diff,analysis/verified_gold/4/B15-topicembed-advances-contentsha1-even-when-post-revision-/defects/4-D22/fix.patch,analysis/verified_gold/4/B15-topicembed-advances-contentsha1-even-when-post-revision-/defects/4-D22/logs,True,6,[],,,
4-D23,4,"TopicEmbed embedurl column defaults to varchar(255), causing failures for valid long URLs during imports/polling",D-verified,own_executed,True,"yes - defect-specific test, orthogonality proven",db/migrate/20131217174004createtopicembeds.rb:6,4-B16,behavior_change_not_regression,analysis/verified_gold/4/B16-topicembed-embedurl-column-defaults-to-varchar255-causi/defects/4-D23/test.diff,analysis/verified_gold/4/B16-topicembed-embedurl-column-defaults-to-varchar255-causi/defects/4-D23/fix.patch,analysis/verified_gold/4/B16-topicembed-embedurl-column-defaults-to-varchar255-causi/defects/4-D23/logs,,33,[],,,
4-D26,4,mutating caller-owned contents string with <<,D-verified,own_executed,True,"yes - defect-specific test, orthogonality proven",app/models/topicembed.rb:13,4-B24,behavior_change_not_regression,analysis/verified_gold/4/B24-topicembed-import-mutates-caller-owned-contents-via--/defects/4-D26/test.diff,analysis/verified_gold/4/B24-topicembed-import-mutates-caller-owned-contents-via--/defects/4-D26/fix.patch,analysis/verified_gold/4/B24-topicembed-import-mutates-caller-owned-contents-via--/defects/4-D26/logs,,16,"['4-D59', '4-D61']",,,
4-D28,4,"Existing TopicEmbed updates ignore title-only changes, leaving topic titles stale",D-verified,own_executed,True,"yes - defect-specific test, orthogonality proven",app/models/topicembed.rb:34,4-B25,behavior_change_not_regression,analysis/verified_gold/4/B25-existing-topicembed-updates-ignore-title-only-changes-le/defects/4-D28/test.diff,analysis/verified_gold/4/B25-existing-topicembed-updates-ignore-title-only-changes-le/defects/4-D28/fix.patch,analysis/verified_gold/4/B25-existing-topicembed-updates-ignore-title-only-changes-le/defects/4-D28/logs,,18,[],,,
4-D29,4,"Degenerate/malformed embed URL reaches `URI()` in `absolutize_urls` and raises `URI::InvalidURIError`, aborting the import",D-withdrawn,own_executed,False,"yes - defect-specific test, orthogonality proven",app/models/topicembed.rb:11,4-B26,behavior_change_not_regression,analysis/verified_gold/4/B26-topicembed-url-guard-uses-line-anchored-regex-and-later-/defects/4-D29/test.diff,analysis/verified_gold/4/B26-topicembed-url-guard-uses-line-anchored-regex-and-later-/defects/4-D29/fix.patch,analysis/verified_gold/4/B26-topicembed-url-guard-uses-line-anchored-regex-and-later-/defects/4-D29/logs,True,12,[],,True,
4-D33,4,"Embed/topic retrieval synchronously runs full feed poll (Jobs::PollFeed) on cache miss, coupling embeds to feed health and enabling resource",D-verified,own_executed,True,"yes - defect-specific test, orthogonality proven",lib/topicretriever.rb:47,4-B28,behavior_change_not_regression,analysis/verified_gold/4/B28-embed-topic-retrieval-synchronously-runs-full-feed-poll-/defects/4-D33/test.diff,analysis/verified_gold/4/B28-embed-topic-retrieval-synchronously-runs-full-feed-poll-/defects/4-D33/fix.patch,analysis/verified_gold/4/B28-embed-topic-retrieval-synchronously-runs-full-feed-poll-/defects/4-D33/logs,,12,['4-D19'],,,
4-D34,4,"TopicEmbed uses open(url) without requiring open-uri, causing URL opens to be treated as local files",D-verified,own_executed,True,"yes - defect-specific test, orthogonality proven",app/models/topicembed.rb:48,4-B29,behavior_change_not_regression,analysis/verified_gold/4/B29-topicembed-uses-openurl-without-requiring-open-uri-caus/defects/4-D34/test.diff,analysis/verified_gold/4/B29-topicembed-uses-openurl-without-requiring-open-uri-caus/defects/4-D34/fix.patch,analysis/verified_gold/4/B29-topicembed-uses-openurl-without-requiring-open-uri-caus/defects/4-D34/logs,,12,[],,,
4-D36,4,Missing/mismatched configured user silently returns and leaves embed loading,D-verified,own_executed,False,"yes - defect-specific test, orthogonality proven",lib/topicretriever.rb:50,4-B33,behavior_change_not_regression,analysis/verified_gold/4/B33-embed-topic-retrieval-can-crash-or-silently-no-op-when-e/defects/4-D36/test.diff,analysis/verified_gold/4/B33-embed-topic-retrieval-can-crash-or-silently-no-op-when-e/defects/4-D36/fix.patch,analysis/verified_gold/4/B33-embed-topic-retrieval-can-crash-or-silently-no-op-when-e/defects/4-D36/logs,True,7,[],,,
4-D37,4,"Gemfile updated with new gems but default Gemfile.lock not regenerated, breaking frozen/deployment bundler installs",D-verified,own_executed,True,"yes - defect-specific test, orthogonality proven",Gemfile,4-B34,confirmed_regression,analysis/verified_gold/4/B34-gemfile-updated-with-new-gems-but-default-gemfilelock-no/defects/4-D37/test.diff,analysis/verified_gold/4/B34-gemfile-updated-with-new-gems-but-default-gemfilelock-no/defects/4-D37/fix.patch,analysis/verified_gold/4/B34-gemfile-updated-with-new-gems-but-default-gemfilelock-no/defects/4-D37/logs,,6,[],,,
4-D38,4,"Rails migration adds NOT NULL column with DEFAULT, causing full table rewrite and ACCESS EXCLUSIVE lock on PostgreSQL < 11",D-verified,own_executed,True,"yes - defect-specific test, orthogonality proven",db/migrate/20131219203905addcookmethodtoposts.rb:3,4-B37,behavior_change_not_regression,analysis/verified_gold/4/B37-rails-migration-adds-not-null-column-with-default-causin/defects/4-D38/test.diff,analysis/verified_gold/4/B37-rails-migration-adds-not-null-column-with-default-causin/defects/4-D38/fix.patch,analysis/verified_gold/4/B37-rails-migration-adds-not-null-column-with-default-causin/defects/4-D38/logs,,5,[],,,
4-D40,4,configured host contains scheme causing exact host mismatch,D-verified,own_executed,False,"yes - defect-specific test, orthogonality proven",lib/topic_retriever.rb,4-B39,behavior_change_not_regression,analysis/verified_gold/4/B39-embeddable-host-validation-uses-strict-string-equality-r/defects/4-D40/test.diff,analysis/verified_gold/4/B39-embeddable-host-validation-uses-strict-string-equality-r/defects/4-D40/fix.patch,analysis/verified_gold/4/B39-embeddable-host-validation-uses-strict-string-equality-r/defects/4-D40/logs,True,1,[],,,
4-D41,4,"Migration backfills posts.cookmethod to rawhtml, causing all existing posts to bypass cooking/sanitization",D-verified,own_executed,True,"yes - defect-specific test, orthogonality proven",db/migrate/20131219203905addcookmethodtoposts.rb:3,4-B40,behavior_change_not_regression,analysis/verified_gold/4/B40-migration-backfills-postscookmethod-to-rawhtml-causing-a/defects/4-D41/test.diff,analysis/verified_gold/4/B40-migration-backfills-postscookmethod-to-rawhtml-causing-a/defects/4-D41/fix.patch,analysis/verified_gold/4/B40-migration-backfills-postscookmethod-to-rawhtml-causing-a/defects/4-D41/logs,,4,[],,,
4-D42,4,Dead feed-modified cache key means PollFeed always re-downloads and reprocesses the full feed,D-verified,own_executed,True,"yes - defect-specific test, orthogonality proven",pollfeed.rb:20,4-B41,behavior_change_not_regression,analysis/verified_gold/4/B41-dead-feed-modified-cache-key-means-pollfeed-always-re-do/defects/4-D42/test.diff,analysis/verified_gold/4/B41-dead-feed-modified-cache-key-means-pollfeed-always-re-do/defects/4-D42/fix.patch,analysis/verified_gold/4/B41-dead-feed-modified-cache-key-means-pollfeed-always-re-do/defects/4-D42/logs,,4,[],,,
4-D43,4,incorrect default-port comparison in absolutize_urls,D-verified,own_executed,True,"yes - defect-specific test, orthogonality proven",spec/models/topicembedspec.rb:34,4-B42,behavior_change_not_regression,analysis/verified_gold/4/B42-topicembedrb59-port-logic-should-compare-against-uridef/defects/4-D43/test.diff,analysis/verified_gold/4/B42-topicembedrb59-port-logic-should-compare-against-uridef/defects/4-D43/fix.patch,analysis/verified_gold/4/B42-topicembedrb59-port-logic-should-compare-against-uridef/defects/4-D43/logs,,4,['4-D02'],,,
4-D45,4,"Poll feed processing calls `String#scrub` via `stringscrub`, crashing on Ruby 2.0 (requires Ruby >= 2.1)",D-verified,own_executed,True,"yes - defect-specific test, orthogonality proven",pollfeed.rb:35,4-B46,behavior_change_not_regression,analysis/verified_gold/4/B46-poll-feed-processing-calls-stringscrub-via-stringscrub/defects/4-D45/test.diff,analysis/verified_gold/4/B46-poll-feed-processing-calls-stringscrub-via-stringscrub/defects/4-D45/fix.patch,analysis/verified_gold/4/B46-poll-feed-processing-calls-stringscrub-via-stringscrub/defects/4-D45/logs,,3,[],,,
4-D46,4,"Embed source hash includes localized footer, causing false-positive content changes on locale/footer updates",D-verified,own_executed,True,"yes - defect-specific test, orthogonality proven",app/models/topicembed.rb:16,4-B48,behavior_change_not_regression,analysis/verified_gold/4/B48-embed-source-hash-includes-localized-footer-causing-fals/defects/4-D46/test.diff,analysis/verified_gold/4/B48-embed-source-hash-includes-localized-footer-causing-fals/defects/4-D46/fix.patch,analysis/verified_gold/4/B48-embed-source-hash-includes-localized-footer-causing-fals/defects/4-D46/logs,,2,[],,,
4-D47,4,`skip_validations` allows saving posts/topics with invalid or unsafe data (validations fully bypassed),D-verified,own_executed,True,"yes - defect-specific test, orthogonality proven",lib/postrevisor.rb:85,4-B51,confirmed_regression,analysis/verified_gold/4/B51-skipvalidations-allows-saving-posts-topics-with-invalid/defects/4-D47/test.diff,analysis/verified_gold/4/B51-skipvalidations-allows-saving-posts-topics-with-invalid/defects/4-D47/fix.patch,analysis/verified_gold/4/B51-skipvalidations-allows-saving-posts-topics-with-invalid/defects/4-D47/logs,,2,[],,,
4-D48,4,"poll_feed job processes unbounded RSS items, creating/enqueuing work for every entry in a single run",D-verified,own_executed,True,"yes - defect-specific test, orthogonality proven",app/jobs/scheduled/pollfeed.rb:29,4-B56,behavior_change_not_regression,analysis/verified_gold/4/B56-pollfeed-job-processes-unbounded-rss-items-creating-enqu/defects/4-D48/test.diff,analysis/verified_gold/4/B56-pollfeed-job-processes-unbounded-rss-items-creating-enqu/defects/4-D48/fix.patch,analysis/verified_gold/4/B56-pollfeed-job-processes-unbounded-rss-items-creating-enqu/defects/4-D48/logs,,2,[],,,
4-D49,4,EmbedController enqueues RetrieveTopic job but spec expects synchronous TopicRetriever call,D-verified,own_executed,True,"yes - defect-specific test, orthogonality proven",app/controllers/embedcontroller.rb:16,4-B60,behavior_change_not_regression,analysis/verified_gold/4/B60-embedcontroller-enqueues-retrievetopic-job-but-spec-expe/defects/4-D49/test.diff,analysis/verified_gold/4/B60-embedcontroller-enqueues-retrievetopic-job-but-spec-expe/defects/4-D49/fix.patch,analysis/verified_gold/4/B60-embedcontroller-enqueues-retrievetopic-job-but-spec-expe/defects/4-D49/logs,,1,[],,,
4-D50,4,RetrieveTopic job unnecessarily eager-loads mail stack via stray require_dependency,D-verified,own_executed,True,"yes - defect-specific test, orthogonality proven",app/jobs/regular/retrievetopic.rb:1,4-B61,behavior_change_not_regression,analysis/verified_gold/4/B61-retrievetopic-job-unnecessarily-eager-loads-mail-stack-v/defects/4-D50/test.diff,analysis/verified_gold/4/B61-retrievetopic-job-unnecessarily-eager-loads-mail-stack-v/defects/4-D50/fix.patch,analysis/verified_gold/4/B61-retrievetopic-job-unnecessarily-eager-loads-mail-stack-v/defects/4-D50/logs,,2,[],,,
4-D51,4,"embedurl param not type-checked allows non-String, causing unrescued TypeError in URI parsing and Sidekiq retry churn",D-verified,own_executed,True,"yes - defect-specific test, orthogonality proven",embedcontroller.rb:9-16,4-B69,behavior_change_not_regression,analysis/verified_gold/4/B69-embedurl-param-not-type-checked-allows-non-string-causin/defects/4-D51/test.diff,analysis/verified_gold/4/B69-embedurl-param-not-type-checked-allows-non-string-causin/defects/4-D51/fix.patch,analysis/verified_gold/4/B69-embedurl-param-not-type-checked-allows-non-string-causin/defects/4-D51/logs,,1,[],,,
4-D52,4,"Invalid or wrong-host embed URLs are treated as successful retrieval, causing infinite loading loop",D-verified,own_executed,True,"yes - defect-specific test, orthogonality proven",lib/topicretriever.rb:9,4-B71,behavior_change_not_regression,analysis/verified_gold/4/B71-invalid-or-wrong-host-embed-urls-are-treated-as-successf/defects/4-D52/test.diff,analysis/verified_gold/4/B71-invalid-or-wrong-host-embed-urls-are-treated-as-successf/defects/4-D52/fix.patch,analysis/verified_gold/4/B71-invalid-or-wrong-host-embed-urls-are-treated-as-successf/defects/4-D52/logs,,10,[],,,
4-D54,4,"Feed item URL fallback uses entry.id (often not a URL), causing items to be silently skipped",D-verified,own_executed,True,"yes - defect-specific test, orthogonality proven",app/jobs/scheduled/poll_feed.rb,4-B73,behavior_change_not_regression,analysis/verified_gold/4/B73-feed-item-url-fallback-uses-entryid-often-not-a-url-ca/defects/4-D54/test.diff,analysis/verified_gold/4/B73-feed-item-url-fallback-uses-entryid-often-not-a-url-ca/defects/4-D54/fix.patch,analysis/verified_gold/4/B73-feed-item-url-fallback-uses-entryid-often-not-a-url-ca/defects/4-D54/logs,,1,[],,,
4-D55,4,"Premature throttle key: the dedupe key is written BEFORE the retrieval succeeds, so a failed fetch suppresses its own retry for 60s",D-verified,own_executed,True,"yes - defect-specific test, orthogonality proven",lib/topicretriever.rb:27,4-B21,,analysis/verified_gold/4/B21-throttle-key-is-acquired-before-successful-fetch-and-use/defects/4-D55/test.diff,analysis/verified_gold/4/B21-throttle-key-is-acquired-before-successful-fetch-and-use/defects/4-D55/fix.patch,analysis/verified_gold/4/B21-throttle-key-is-acquired-before-successful-fetch-and-use/defects/4-D55/logs,,20,[],recovered in the 2026-09-18 total-gold duplicate review: the earlier duplicate-folding kept only this bundle's extra label (4-D11's non-atomic facet) and dropped the bundle's own claim; 4-B21's own executed test demonstrates it,,
4-D56,4,Nil/blank `embed_by_username` raises NoMethodError on `downcase` during retrieval,D-verified,own_executed,True,"yes - defect-specific test, orthogonality proven",lib/topicretriever.rb:49,4-B33,pending,analysis/verified_gold/4/B33-embed-topic-retrieval-can-crash-or-silently-no-op-when-e/defects/4-D56/test.diff,analysis/verified_gold/4/B33-embed-topic-retrieval-can-crash-or-silently-no-op-when-e/defects/4-D56/fix.patch,analysis/verified_gold/4/B33-embed-topic-retrieval-can-crash-or-silently-no-op-when-e/defects/4-D56/logs,,3,[],,,
4-D57,4,Case-sensitive hostname comparison in `invalid_host?` rejects valid embed hosts (mixed-case configured host),D-verified,own_executed,True,"yes - defect-specific test, orthogonality proven",lib/topicretriever.rb:15,4-B39,,analysis/verified_gold/4/B39-embeddable-host-validation-uses-strict-string-equality-r/defects/4-D57/test.diff,analysis/verified_gold/4/B39-embeddable-host-validation-uses-strict-string-equality-r/defects/4-D57/fix.patch,analysis/verified_gold/4/B39-embeddable-host-validation-uses-strict-string-equality-r/defects/4-D57/logs,,3,[],,,
4-D58,4,`import_remote` does not validate the URL scheme before `open(url)` (SSRF / pipe-to-shell),D-verified,own_executed,False,"yes - defect-specific test, orthogonality proven",app/models/topicembed.rb:48,4-B07,pending,analysis/verified_gold/4/B07-redirect-based-ssrf-only-initial-url-host-is-validated-w/defects/4-D58/test.diff,analysis/verified_gold/4/B07-redirect-based-ssrf-only-initial-url-host-is-validated-w/defects/4-D58/fix.patch,analysis/verified_gold/4/B07-redirect-based-ssrf-only-initial-url-host-is-validated-w/defects/4-D58/logs,True,13,[],,,
4-D60,4,Scheduled feed poll fetch has no timeout or error handling,D-verified,own_executed,False,"yes - defect-specific test, orthogonality proven",app/jobs/scheduled/pollfeed.rb:29,4-B03,pending,analysis/verified_gold/4/B03-unbounded-open-uri-fetch-in-topicembed-can-hang-jobs-or-/defects/4-D60/test.diff,analysis/verified_gold/4/B03-unbounded-open-uri-fetch-in-topicembed-can-hang-jobs-or-/defects/4-D60/fix.patch,analysis/verified_gold/4/B03-unbounded-open-uri-fetch-in-topicembed-can-hang-jobs-or-/defects/4-D60/logs,True,37,[],,,
4-D62,4,Historic create_top_topics migration carries destructive force: true,D-verified,own_executed,False,"yes - defect-specific test, orthogonality proven",db/migrate/20131223171005createtoptopics.rb:3,4-B04,pending,analysis/verified_gold/4/B04-destructive-force-true-in-createtable-migration-can-dr/defects/4-D62/test.diff,analysis/verified_gold/4/B04-destructive-force-true-in-createtable-migration-can-dr/defects/4-D62/fix.patch,analysis/verified_gold/4/B04-destructive-force-true-in-createtable-migration-can-dr/defects/4-D62/logs,,68,[],,,
8-D01,8,Updating a group without `visible` param unintentionally flips visibility to false,D-verified,own_executed,True,"yes - defect-specific test, orthogonality proven",app/controllers/groupscontroller.rb:22,8-B00,confirmed_regression,analysis/verified_gold/8/B00-updating-a-group-without-visible-param-unintentionally-f/defects/8-D01/test.diff,analysis/verified_gold/8/B00-updating-a-group-without-visible-param-unintentionally-f/defects/8-D01/fix.patch,analysis/verified_gold/8/B00-updating-a-group-without-visible-param-unintentionally-f/defects/8-D01/logs,,151,['8-D02'],,,
8-D03,8,"Admin::GroupsController#add_members splits usernames without trimming, causing spaced names to be skipped while still returning success",D-verified,own_executed,True,"yes - defect-specific test, orthogonality proven",app/controllers/admin/groupscontroller.rb:71,8-B03,behavior_change_not_regression,analysis/verified_gold/8/B03-admingroupscontrolleraddmembers-splits-usernames-witho/defects/8-D03/test.diff,analysis/verified_gold/8/B03-admingroupscontrolleraddmembers-splits-usernames-witho/defects/8-D03/fix.patch,analysis/verified_gold/8/B03-admingroupscontrolleraddmembers-splits-usernames-witho/defects/8-D03/logs,,51,[],,,
8-D04,8,Admin group creation drops submitted aliaslevel and saves default instead,D-verified,own_executed,True,"yes - defect-specific test, orthogonality proven",app/controllers/admin/groupscontroller.rb:22,8-B04,behavior_change_not_regression,analysis/verified_gold/8/B04-admin-group-creation-drops-submitted-aliaslevel-and-save/defects/8-D04/test.diff,analysis/verified_gold/8/B04-admin-group-creation-drops-submitted-aliaslevel-and-save/defects/8-D04/fix.patch,analysis/verified_gold/8/B04-admin-group-creation-drops-submitted-aliaslevel-and-save/defects/8-D04/logs,,48,[],,,
8-D05,8,"Admin::GroupsController specs hardcode group id=1, implicitly depending on seeded automatic group",D-verified,own_executed,True,"yes - defect-specific test, orthogonality proven",spec/controllers/admin/groupscontrollerspec.rb:94,8-B15,behavior_change_not_regression,analysis/verified_gold/8/B15-admingroupscontroller-specs-hardcode-group-id1-implici/defects/8-D05/test.diff,analysis/verified_gold/8/B15-admingroupscontroller-specs-hardcode-group-id1-implici/defects/8-D05/fix.patch,analysis/verified_gold/8/B15-admingroupscontroller-specs-hardcode-group-id1-implici/defects/8-D05/logs,,7,[],,,
8-D06,8,"Group name is stripped on create but not on update, allowing whitespace-padded names",D-verified,own_executed,True,"yes - defect-specific test, orthogonality proven",app/controllers/admin/groups_controller.rb,8-B18,behavior_change_not_regression,analysis/verified_gold/8/B18-group-name-is-stripped-on-create-but-not-on-update-allow/defects/8-D06/test.diff,analysis/verified_gold/8/B18-group-name-is-stripped-on-create-but-not-on-update-allow/defects/8-D06/fix.patch,analysis/verified_gold/8/B18-group-name-is-stripped-on-create-but-not-on-update-allow/defects/8-D06/logs,,4,[],,,
8-D07,8,Admin Groups API contract broken: nested group[...] params no longer accepted without deprecation,D-verified,own_executed,True,"yes - defect-specific test, orthogonality proven",app/controllers/admin/groupscontroller.rb:34,8-B05,pending,analysis/verified_gold/8/B05-patch-updates-unintentionally-hide-groups-when-visible-p/defects/8-D07/test.diff,analysis/verified_gold/8/B05-patch-updates-unintentionally-hide-groups-when-visible-p/defects/8-D07/fix.patch,analysis/verified_gold/8/B05-patch-updates-unintentionally-hide-groups-when-visible-p/defects/8-D07/logs,True,96,[],,,
